subject,block,block_number,trial_stimulus_path,trial_stimulus_type,trial_stimulus_complexity,trial_looking_time,trial_pressed_space_bar,trial_space_bar_rt,demog_age,demog_ethnicity,demog_gender,demog_education,total_trial_num,block_trial_num
SS1603399414985,mixed_simple_deviant,0,images/complex/11.png,background,complex,900.154999998631,no,NA,31,Black or African American,Female,High school diploma,1,1
SS1603399414985,mixed_simple_deviant,0,images/simple/15.png,deviant,simple,754.6449999965262,no,NA,31,Black or African American,Female,High school diploma,2,2
SS1603399414985,mixed_simple_deviant,0,images/complex/11.png,background,complex,4004.485000000568,no,NA,31,Black or African American,Female,High school diploma,3,3
SS1603399414985,mixed_simple_deviant,0,images/complex/11.png,background,complex,1991.769999996177,no,NA,31,Black or African American,Female,High school diploma,4,4
SS1603399414985,mixed_simple_deviant,0,images/complex/11.png,background,complex,348.85499999218155,no,NA,31,Black or African American,Female,High school diploma,5,5
SS1603399414985,mixed_simple_deviant,0,images/complex/11.png,background,complex,370.5800000054296,no,NA,31,Black or African American,Female,High school diploma,6,6
SS1603399414985,mixed_simple_deviant,0,images/complex/11.png,background,complex,368.1950000056531,no,NA,31,Black or African American,Female,High school diploma,7,7
SS1603399414985,mixed_simple_deviant,0,images/simple/17.png,deviant,simple,847.8799999895273,no,NA,31,Black or African American,Female,High school diploma,8,8
SS1603399414985,mixed_simple_deviant,0,images/complex/11.png,background,complex,464.1949999961071,no,NA,31,Black or African American,Female,High school diploma,9,9
SS1603399414985,mixed_simple_deviant,0,images/complex/12.png,target,complex,326.64000000222586,no,NA,31,Black or African American,Female,High school diploma,10,10
SS1603399414985,mixed_simple_deviant,0,images/complex/12.png,target,complex,3074.145000008866,yes,802.0550000073854,31,Black or African American,Female,High school diploma,11,11
SS1603399414985,mixed_simple_deviant,0,images/complex/11.png,background,complex,563.6150000093039,no,NA,31,Black or African American,Female,High school diploma,12,12
SS1603399414985,mixed_simple_deviant,0,images/complex/11.png,background,complex,393.1999999942491,no,NA,31,Black or African American,Female,High school diploma,13,13
SS1603399414985,mixed_simple_deviant,0,images/complex/11.png,background,complex,396.9450000033248,no,NA,31,Black or African American,Female,High school diploma,14,14
SS1603399414985,mixed_simple_deviant,0,images/complex/12.png,target,complex,388.7750000023516,no,NA,31,Black or African American,Female,High school diploma,15,15
SS1603399414985,mixed_simple_deviant,0,images/simple/16.png,deviant,simple,392.28499999735504,no,NA,31,Black or African American,Female,High school diploma,16,16
SS1603399414985,mixed_simple_deviant,0,images/complex/11.png,background,complex,326.66999999783,no,NA,31,Black or African American,Female,High school diploma,17,17
SS1603399414985,mixed_simple_deviant,0,images/complex/12.png,target,complex,942.6799999957439,yes,150.4949999944074,31,Black or African American,Female,High school diploma,18,18
SS1603399414985,mixed_simple_deviant,0,images/complex/11.png,background,complex,356.4500000094995,no,NA,31,Black or African American,Female,High school diploma,19,19
SS1603399414985,mixed_simple_deviant,0,images/complex/11.png,background,complex,590.1600000099279,no,NA,31,Black or African American,Female,High school diploma,20,20
SS1603399414985,mixed_simple_deviant,0,images/complex/11.png,background,complex,393.7199999956647,no,NA,31,Black or African American,Female,High school diploma,21,21
SS1603399414985,mixed_simple_deviant,0,images/complex/11.png,background,complex,384.3900000094436,no,NA,31,Black or African American,Female,High school diploma,22,22
SS1603399414985,mixed_simple_deviant,0,images/simple/3.png,deviant,simple,429.42499999771826,no,NA,31,Black or African American,Female,High school diploma,23,23
SS1603399414985,mixed_simple_deviant,0,images/complex/11.png,background,complex,427.66000000410713,no,NA,31,Black or African American,Female,High school diploma,24,24
SS1603399414985,mixed_simple_deviant,0,images/complex/11.png,background,complex,371.9450000091456,no,NA,31,Black or African American,Female,High school diploma,25,25
SS1603399414985,mixed_simple_deviant,0,images/complex/12.png,target,complex,925.0700000004144,yes,283.68500000215136,31,Black or African American,Female,High school diploma,26,26
SS1603399414985,mixed_simple_deviant,0,images/complex/11.png,background,complex,326.99000000429805,no,NA,31,Black or African American,Female,High school diploma,27,27
SS1603399414985,mixed_simple_deviant,0,images/complex/11.png,background,complex,389.1800000012154,no,NA,31,Black or African American,Female,High school diploma,28,28
SS1603399414985,mixed_simple_deviant,0,images/simple/18.png,deviant,simple,349.40999999816995,no,NA,31,Black or African American,Female,High school diploma,29,29
SS1603399414985,mixed_simple_deviant,0,images/complex/11.png,background,complex,578.7999999913154,no,NA,31,Black or African American,Female,High school diploma,30,30
SS1603399414985,mixed_simple_deviant,0,images/complex/11.png,background,complex,468.9350000000559,no,NA,31,Black or African American,Female,High school diploma,31,31
SS1603399414985,mixed_simple_deviant,0,images/complex/11.png,background,complex,545.4400000046007,no,NA,31,Black or African American,Female,High school diploma,32,32
SS1603399414985,mixed_simple_deviant,0,images/simple/10.png,deviant,simple,510.4599999933271,no,NA,31,Black or African American,Female,High school diploma,33,33
SS1603399414985,mixed_simple_deviant,0,images/complex/11.png,background,complex,2961.0549999953946,no,NA,31,Black or African American,Female,High school diploma,34,34
SS1603399414985,mixed_simple_deviant,0,images/complex/11.png,background,complex,393.44999999157153,no,NA,31,Black or African American,Female,High school diploma,35,35
SS1603399414985,mixed_simple_deviant,0,images/complex/11.png,background,complex,323.60499998612795,no,NA,31,Black or African American,Female,High school diploma,36,36
SS1603399414985,mixed_simple_deviant,0,images/complex/12.png,target,complex,332.60499999159947,no,NA,31,Black or African American,Female,High school diploma,37,37
SS1603399414985,mixed_simple_deviant,0,images/complex/11.png,background,complex,446.60500000754837,no,NA,31,Black or African American,Female,High school diploma,38,38
SS1603399414985,mixed_simple_deviant,0,images/simple/9.png,deviant,simple,432.79500000353437,no,NA,31,Black or African American,Female,High school diploma,39,39
SS1603399414985,mixed_simple_deviant,0,images/complex/11.png,background,complex,415.490000002319,no,NA,31,Black or African American,Female,High school diploma,40,40
SS1603399414985,mixed_simple_deviant,0,images/complex/12.png,target,complex,2831.2900000048103,yes,1870.405000008759,31,Black or African American,Female,High school diploma,41,41
SS1603399414985,mixed_simple_deviant,0,images/complex/11.png,background,complex,381.1299999972107,no,NA,31,Black or African American,Female,High school diploma,42,42
SS1603399414985,mixed_simple_deviant,0,images/complex/11.png,background,complex,598.2399999949848,no,NA,31,Black or African American,Female,High school diploma,43,43
SS1603399414985,mixed_simple_deviant,0,images/complex/11.png,background,complex,407.9200000007404,no,NA,31,Black or African American,Female,High school diploma,44,44
SS1603399414985,mixed_simple_deviant,0,images/complex/11.png,background,complex,457.4200000090059,no,NA,31,Black or African American,Female,High school diploma,45,45
SS1603399414985,mixed_simple_deviant,0,images/complex/11.png,background,complex,445.8950000000186,no,NA,31,Black or African American,Female,High school diploma,46,46
SS1603399414985,mixed_simple_deviant,0,images/complex/11.png,background,complex,443.4650000068359,no,NA,31,Black or African American,Female,High school diploma,47,47
SS1603399414985,mixed_simple_deviant,0,images/complex/11.png,background,complex,362.35499999311287,no,NA,31,Black or African American,Female,High school diploma,48,48
SS1603399414985,mixed_complex_deviant,1,images/simple/6.png,background,simple,637.820000006468,no,NA,31,Black or African American,Female,High school diploma,49,1
SS1603399414985,mixed_complex_deviant,1,images/simple/6.png,background,simple,373.71500001172535,no,NA,31,Black or African American,Female,High school diploma,50,2
SS1603399414985,mixed_complex_deviant,1,images/simple/6.png,background,simple,319.3750000093132,no,NA,31,Black or African American,Female,High school diploma,51,3
SS1603399414985,mixed_complex_deviant,1,images/simple/12.png,target,simple,335.3499999968335,no,NA,31,Black or African American,Female,High school diploma,52,4
SS1603399414985,mixed_complex_deviant,1,images/simple/6.png,background,simple,524.9050000013085,no,NA,31,Black or African American,Female,High school diploma,53,5
SS1603399414985,mixed_complex_deviant,1,images/simple/6.png,background,simple,242.6749999896856,no,NA,31,Black or African American,Female,High school diploma,54,6
SS1603399414985,mixed_complex_deviant,1,images/complex/14.png,deviant,complex,286.70500000880565,no,NA,31,Black or African American,Female,High school diploma,55,7
SS1603399414985,mixed_complex_deviant,1,images/simple/6.png,background,simple,363.845000002766,no,NA,31,Black or African American,Female,High school diploma,56,8
SS1603399414985,mixed_complex_deviant,1,images/simple/12.png,target,simple,1325.514999992447,yes,333.7349999928847,31,Black or African American,Female,High school diploma,57,9
SS1603399414985,mixed_complex_deviant,1,images/simple/6.png,background,simple,343.98500000243075,no,NA,31,Black or African American,Female,High school diploma,58,10
SS1603399414985,mixed_complex_deviant,1,images/simple/6.png,background,simple,1129.5149999961723,no,NA,31,Black or African American,Female,High school diploma,59,11
SS1603399414985,mixed_complex_deviant,1,images/simple/12.png,target,simple,1082.3300000076415,yes,258.97000000986736,31,Black or African American,Female,High school diploma,60,12
SS1603399414985,mixed_complex_deviant,1,images/simple/12.png,target,simple,1552.0299999945564,yes,216.06999999494292,31,Black or African American,Female,High school diploma,61,13
SS1603399414985,mixed_complex_deviant,1,images/simple/6.png,background,simple,348.61000000382774,no,NA,31,Black or African American,Female,High school diploma,62,14
SS1603399414985,mixed_complex_deviant,1,images/complex/15.png,deviant,complex,284.0250000037486,no,NA,31,Black or African American,Female,High school diploma,63,15
SS1603399414985,mixed_complex_deviant,1,images/simple/6.png,background,simple,333.719999997993,no,NA,31,Black or African American,Female,High school diploma,64,16
SS1603399414985,mixed_complex_deviant,1,images/simple/6.png,background,simple,327.03000000328757,no,NA,31,Black or African American,Female,High school diploma,65,17
SS1603399414985,mixed_complex_deviant,1,images/simple/6.png,background,simple,402.74999999674037,no,NA,31,Black or African American,Female,High school diploma,66,18
SS1603399414985,mixed_complex_deviant,1,images/simple/6.png,background,simple,315.73499999940395,no,NA,31,Black or African American,Female,High school diploma,67,19
SS1603399414985,mixed_complex_deviant,1,images/complex/6.png,deviant,complex,417.3650000040652,no,NA,31,Black or African American,Female,High school diploma,68,20
SS1603399414985,mixed_complex_deviant,1,images/simple/6.png,background,simple,364.7499999962747,no,NA,31,Black or African American,Female,High school diploma,69,21
SS1603399414985,mixed_complex_deviant,1,images/simple/6.png,background,simple,370.1699999975972,no,NA,31,Black or African American,Female,High school diploma,70,22
SS1603399414985,mixed_complex_deviant,1,images/complex/4.png,deviant,complex,435.2050000044983,no,NA,31,Black or African American,Female,High school diploma,71,23
SS1603399414985,mixed_complex_deviant,1,images/simple/12.png,target,simple,801.8399999884423,yes,265.5549999908544,31,Black or African American,Female,High school diploma,72,24
SS1603399414985,mixed_complex_deviant,1,images/simple/6.png,background,simple,294.9550000077579,no,NA,31,Black or African American,Female,High school diploma,73,25
SS1603399414985,mixed_complex_deviant,1,images/simple/6.png,background,simple,399.62499999383,no,NA,31,Black or African American,Female,High school diploma,74,26
SS1603399414985,mixed_complex_deviant,1,images/simple/6.png,background,simple,394.1450000012992,no,NA,31,Black or African American,Female,High school diploma,75,27
SS1603399414985,mixed_complex_deviant,1,images/simple/12.png,target,simple,794.5950000023004,yes,242.39500000840053,31,Black or African American,Female,High school diploma,76,28
SS1603399414985,mixed_complex_deviant,1,images/complex/2.png,deviant,complex,379.8549999948591,no,NA,31,Black or African American,Female,High school diploma,77,29
SS1603399414985,mixed_complex_deviant,1,images/simple/6.png,background,simple,297.16999999363907,no,NA,31,Black or African American,Female,High school diploma,78,30
SS1603399414985,mixed_complex_deviant,1,images/simple/6.png,background,simple,343.13000001129694,no,NA,31,Black or African American,Female,High school diploma,79,31
SS1603399414985,mixed_complex_deviant,1,images/simple/6.png,background,simple,403.2550000003539,no,NA,31,Black or African American,Female,High school diploma,80,32
SS1603399414985,mixed_complex_deviant,1,images/complex/8.png,deviant,complex,214.00999999896158,no,NA,31,Black or African American,Female,High school diploma,81,33
SS1603399414985,mixed_complex_deviant,1,images/simple/6.png,background,simple,295.0250000023516,no,NA,31,Black or African American,Female,High school diploma,82,34
SS1603399414985,mixed_complex_deviant,1,images/simple/6.png,background,simple,397.8499999968335,no,NA,31,Black or African American,Female,High school diploma,83,35
SS1603399414985,mixed_complex_deviant,1,images/simple/6.png,background,simple,695.6400000082795,no,NA,31,Black or African American,Female,High school diploma,84,36
SS1603399414985,mixed_complex_deviant,1,images/simple/6.png,background,simple,542.110000012326,no,NA,31,Black or African American,Female,High school diploma,85,37
SS1603399414985,mixed_complex_deviant,1,images/simple/12.png,target,simple,833.5649999964517,yes,217.6400000025751,31,Black or African American,Female,High school diploma,86,38
SS1603399414985,mixed_complex_deviant,1,images/simple/6.png,background,simple,536.154999997234,no,NA,31,Black or African American,Female,High school diploma,87,39
SS1603399414985,mixed_complex_deviant,1,images/simple/6.png,background,simple,501.0599999979604,no,NA,31,Black or African American,Female,High school diploma,88,40
SS1603399414985,mixed_complex_deviant,1,images/complex/9.png,deviant,complex,491.2300000025425,no,NA,31,Black or African American,Female,High school diploma,89,41
SS1603399414985,mixed_complex_deviant,1,images/simple/6.png,background,simple,570.7350000040606,no,NA,31,Black or African American,Female,High school diploma,90,42
SS1603399414985,mixed_complex_deviant,1,images/simple/6.png,background,simple,1304.8099999898113,no,NA,31,Black or African American,Female,High school diploma,91,43
SS1603399414985,mixed_complex_deviant,1,images/simple/6.png,background,simple,261.7999999958556,no,NA,31,Black or African American,Female,High school diploma,92,44
SS1603399414985,mixed_complex_deviant,1,images/simple/6.png,background,simple,210.03999999375083,no,NA,31,Black or African American,Female,High school diploma,93,45
SS1603399414985,mixed_complex_deviant,1,images/simple/6.png,background,simple,341.44999999552965,no,NA,31,Black or African American,Female,High school diploma,94,46
SS1603399414985,mixed_complex_deviant,1,images/simple/6.png,background,simple,358.11000000394415,no,NA,31,Black or African American,Female,High school diploma,95,47
SS1603399414985,mixed_complex_deviant,1,images/simple/6.png,background,simple,4857.065000006696,no,NA,31,Black or African American,Female,High school diploma,96,48
SS1603399414985,mixed_complex_deviant,1,images/simple/6.png,background,simple,233.28000000328757,no,NA,31,Black or African American,Female,High school diploma,97,49
SS1603399414985,all_complex,2,images/complex/5.png,deviant,complex,1553.5800000099698,no,NA,31,Black or African American,Female,High school diploma,98,1
SS1603399414985,all_complex,2,images/complex/17.png,background,complex,371.52999999234453,no,NA,31,Black or African American,Female,High school diploma,99,2
SS1603399414985,all_complex,2,images/complex/17.png,background,complex,351.8300000025192,no,NA,31,Black or African American,Female,High school diploma,100,3
SS1603399414985,all_complex,2,images/complex/17.png,background,complex,407.1050000085961,no,NA,31,Black or African American,Female,High school diploma,101,4
SS1603399414985,all_complex,2,images/complex/17.png,background,complex,321.595000004163,no,NA,31,Black or African American,Female,High school diploma,102,5
SS1603399414985,all_complex,2,images/complex/17.png,background,complex,313.86500000662636,no,NA,31,Black or African American,Female,High school diploma,103,6
SS1603399414985,all_complex,2,images/complex/17.png,background,complex,333.7599999969825,no,NA,31,Black or African American,Female,High school diploma,104,7
SS1603399414985,all_complex,2,images/complex/17.png,background,complex,326.0550000006333,no,NA,31,Black or African American,Female,High school diploma,105,8
SS1603399414985,all_complex,2,images/complex/17.png,background,complex,292.8799999965122,no,NA,31,Black or African American,Female,High school diploma,106,9
SS1603399414985,all_complex,2,images/complex/10.png,deviant,complex,527.5849999918137,no,NA,31,Black or African American,Female,High school diploma,107,10
SS1603399414985,all_complex,2,images/complex/3.png,target,complex,1265.920000008191,yes,171.15999999805354,31,Black or African American,Female,High school diploma,108,11
SS1603399414985,all_complex,2,images/complex/17.png,background,complex,334.1649999958463,no,NA,31,Black or African American,Female,High school diploma,109,12
SS1603399414985,all_complex,2,images/complex/7.png,deviant,complex,422.6700000028359,no,NA,31,Black or African American,Female,High school diploma,110,13
SS1603399414985,all_complex,2,images/complex/17.png,background,complex,321.1649999895599,no,NA,31,Black or African American,Female,High school diploma,111,14
SS1603399414985,all_complex,2,images/complex/17.png,background,complex,770.0149999902351,no,NA,31,Black or African American,Female,High school diploma,112,15
SS1603399414985,all_complex,2,images/complex/17.png,background,complex,357.5100000045495,no,NA,31,Black or African American,Female,High school diploma,113,16
SS1603399414985,all_complex,2,images/complex/17.png,background,complex,1367.8050000045914,no,NA,31,Black or African American,Female,High school diploma,114,17
SS1603399414985,all_complex,2,images/complex/17.png,background,complex,253.1100000080187,no,NA,31,Black or African American,Female,High school diploma,115,18
SS1603399414985,all_complex,2,images/complex/17.png,background,complex,307.4700000026496,no,NA,31,Black or African American,Female,High school diploma,116,19
SS1603399414985,all_complex,2,images/complex/17.png,background,complex,475.35499999066815,no,NA,31,Black or African American,Female,High school diploma,117,20
SS1603399414985,all_complex,2,images/complex/17.png,background,complex,441.280000002007,no,NA,31,Black or African American,Female,High school diploma,118,21
SS1603399414985,all_complex,2,images/complex/3.png,target,complex,978.9500000071712,yes,367.5999999977648,31,Black or African American,Female,High school diploma,119,22
SS1603399414985,all_complex,2,images/complex/17.png,background,complex,1629.7499999956926,no,NA,31,Black or African American,Female,High school diploma,120,23
SS1603399414985,all_complex,2,images/complex/16.png,deviant,complex,446.23499999870546,no,NA,31,Black or African American,Female,High school diploma,121,24
SS1603399414985,all_complex,2,images/complex/17.png,background,complex,385.78500000876375,no,NA,31,Black or African American,Female,High school diploma,122,25
SS1603399414985,all_complex,2,images/complex/3.png,target,complex,1238.8550000061514,yes,294.8750000068685,31,Black or African American,Female,High school diploma,123,26
SS1603399414985,all_complex,2,images/complex/17.png,background,complex,359.68500000599306,no,NA,31,Black or African American,Female,High school diploma,124,27
SS1603399414985,all_complex,2,images/complex/17.png,background,complex,557.9100000060862,no,NA,31,Black or African American,Female,High school diploma,125,28
SS1603399414985,all_complex,2,images/complex/17.png,background,complex,426.03000000526663,no,NA,31,Black or African American,Female,High school diploma,126,29
SS1603399414985,all_complex,2,images/complex/17.png,background,complex,383.8350000034552,no,NA,31,Black or African American,Female,High school diploma,127,30
SS1603399414985,all_complex,2,images/complex/17.png,background,complex,325.4100000078324,no,NA,31,Black or African American,Female,High school diploma,128,31
SS1603399414985,all_complex,2,images/complex/17.png,background,complex,387.65500000154134,no,NA,31,Black or African American,Female,High school diploma,129,32
SS1603399414985,all_complex,2,images/complex/17.png,background,complex,343.9550000068266,no,NA,31,Black or African American,Female,High school diploma,130,33
SS1603399414985,all_complex,2,images/complex/13.png,deviant,complex,538.3199999952922,no,NA,31,Black or African American,Female,High school diploma,131,34
SS1603399414985,all_complex,2,images/complex/17.png,background,complex,371.51499999454245,no,NA,31,Black or African American,Female,High school diploma,132,35
SS1603399414985,all_complex,2,images/complex/17.png,background,complex,324.5749999943655,no,NA,31,Black or African American,Female,High school diploma,133,36
SS1603399414985,all_complex,2,images/complex/17.png,background,complex,323.30500000098255,no,NA,31,Black or African American,Female,High school diploma,134,37
SS1603399414985,all_complex,2,images/complex/3.png,target,complex,1225.7600000040838,yes,313.8900000049034,31,Black or African American,Female,High school diploma,135,38
SS1603399414985,all_complex,2,images/complex/18.png,deviant,complex,433.2849999947939,no,NA,31,Black or African American,Female,High school diploma,136,39
SS1603399414985,all_complex,2,images/complex/3.png,target,complex,1275.345000004745,yes,327.28500000666827,31,Black or African American,Female,High school diploma,137,40
SS1603399414985,all_complex,2,images/complex/17.png,background,complex,313.9050000056159,no,NA,31,Black or African American,Female,High school diploma,138,41
SS1603399414985,all_complex,2,images/complex/17.png,background,complex,1962.9500000039116,no,NA,31,Black or African American,Female,High school diploma,139,42
SS1603399414985,all_complex,2,images/complex/17.png,background,complex,383.4400000079768,no,NA,31,Black or African American,Female,High school diploma,140,43
SS1603399414985,all_complex,2,images/complex/17.png,background,complex,369.77500000211876,no,NA,31,Black or African American,Female,High school diploma,141,44
SS1603399414985,all_complex,2,images/complex/1.png,deviant,complex,1409.8399999958929,no,NA,31,Black or African American,Female,High school diploma,142,45
SS1603399414985,all_complex,2,images/complex/17.png,background,complex,3253.025000001071,no,NA,31,Black or African American,Female,High school diploma,143,46
SS1603399414985,all_complex,2,images/complex/3.png,target,complex,336.06499999877997,no,NA,31,Black or African American,Female,High school diploma,144,47
SS1603399414985,all_complex,2,images/complex/3.png,target,complex,627.9650000098627,no,NA,31,Black or African American,Female,High school diploma,145,48
SS1603399414985,all_simple,3,images/simple/2.png,background,simple,206.3700000027893,no,NA,31,Black or African American,Female,High school diploma,146,1
SS1603399414985,all_simple,3,images/simple/2.png,background,simple,618.7450000026729,no,NA,31,Black or African American,Female,High school diploma,147,2
SS1603399414985,all_simple,3,images/simple/2.png,background,simple,387.5399999989895,no,NA,31,Black or African American,Female,High school diploma,148,3
SS1603399414985,all_simple,3,images/simple/7.png,target,simple,845.3000000037719,yes,204.6600000030594,31,Black or African American,Female,High school diploma,149,4
SS1603399414985,all_simple,3,images/simple/14.png,deviant,simple,363.0049999948824,no,NA,31,Black or African American,Female,High school diploma,150,5
SS1603399414985,all_simple,3,images/simple/2.png,background,simple,257.8149999928428,no,NA,31,Black or African American,Female,High school diploma,151,6
SS1603399414985,all_simple,3,images/simple/2.png,background,simple,273.6099999921862,no,NA,31,Black or African American,Female,High school diploma,152,7
SS1603399414985,all_simple,3,images/simple/13.png,deviant,simple,310.3799999982584,no,NA,31,Black or African American,Female,High school diploma,153,8
SS1603399414985,all_simple,3,images/simple/2.png,background,simple,522.4849999969592,no,NA,31,Black or African American,Female,High school diploma,154,9
SS1603399414985,all_simple,3,images/simple/2.png,background,simple,460.7550000102492,no,NA,31,Black or African American,Female,High school diploma,155,10
SS1603399414985,all_simple,3,images/simple/2.png,background,simple,2135.335000001942,no,NA,31,Black or African American,Female,High school diploma,156,11
SS1603399414985,all_simple,3,images/simple/2.png,background,simple,422.3550000053365,no,NA,31,Black or African American,Female,High school diploma,157,12
SS1603399414985,all_simple,3,images/simple/2.png,background,simple,280.13000000210013,no,NA,31,Black or African American,Female,High school diploma,158,13
SS1603399414985,all_simple,3,images/simple/2.png,background,simple,216.24500000616536,no,NA,31,Black or African American,Female,High school diploma,159,14
SS1603399414985,all_simple,3,images/simple/7.png,target,simple,1780.789999992703,yes,747.9949999978999,31,Black or African American,Female,High school diploma,160,15
SS1603399414985,all_simple,3,images/simple/7.png,target,simple,252.73999999917578,no,NA,31,Black or African American,Female,High school diploma,161,16
SS1603399414985,all_simple,3,images/simple/2.png,background,simple,437.02999998931773,no,NA,31,Black or African American,Female,High school diploma,162,17
SS1603399414985,all_simple,3,images/simple/2.png,background,simple,344.8450000025332,no,NA,31,Black or African American,Female,High school diploma,163,18
SS1603399414985,all_simple,3,images/simple/2.png,background,simple,339.80000000447035,no,NA,31,Black or African American,Female,High school diploma,164,19
SS1603399414985,all_simple,3,images/simple/11.png,deviant,simple,440.894999995362,no,NA,31,Black or African American,Female,High school diploma,165,20
SS1603399414985,all_simple,3,images/simple/2.png,background,simple,562.0799999916926,no,NA,31,Black or African American,Female,High school diploma,166,21
SS1603399414985,all_simple,3,images/simple/2.png,background,simple,301.58999999111984,no,NA,31,Black or African American,Female,High school diploma,167,22
SS1603399414985,all_simple,3,images/simple/2.png,background,simple,393.1800000020303,no,NA,31,Black or African American,Female,High school diploma,168,23
SS1603399414985,all_simple,3,images/simple/7.png,target,simple,1222.289999993518,yes,222.44500000670087,31,Black or African American,Female,High school diploma,169,24
SS1603399414985,all_simple,3,images/simple/2.png,background,simple,266.91500000306405,no,NA,31,Black or African American,Female,High school diploma,170,25
SS1603399414985,all_simple,3,images/simple/2.png,background,simple,323.65500000305474,no,NA,31,Black or African American,Female,High school diploma,171,26
SS1603399414985,all_simple,3,images/simple/2.png,background,simple,258.9250000048196,no,NA,31,Black or African American,Female,High school diploma,172,27
SS1603399414985,all_simple,3,images/simple/4.png,deviant,simple,264.2000000079861,no,NA,31,Black or African American,Female,High school diploma,173,28
SS1603399414985,all_simple,3,images/simple/2.png,background,simple,302.33000000880565,no,NA,31,Black or African American,Female,High school diploma,174,29
SS1603399414985,all_simple,3,images/simple/2.png,background,simple,291.710000007879,no,NA,31,Black or African American,Female,High school diploma,175,30
SS1603399414985,all_simple,3,images/simple/2.png,background,simple,637.179999993532,no,NA,31,Black or African American,Female,High school diploma,176,31
SS1603399414985,all_simple,3,images/simple/5.png,deviant,simple,367.6599999918835,no,NA,31,Black or African American,Female,High school diploma,177,32
SS1603399414985,all_simple,3,images/simple/2.png,background,simple,361.92499999306165,no,NA,31,Black or African American,Female,High school diploma,178,33
SS1603399414985,all_simple,3,images/simple/2.png,background,simple,305.4450000083307,no,NA,31,Black or African American,Female,High school diploma,179,34
SS1603399414985,all_simple,3,images/simple/2.png,background,simple,249.77499999222346,no,NA,31,Black or African American,Female,High school diploma,180,35
SS1603399414985,all_simple,3,images/simple/7.png,target,simple,244.60999999719206,no,NA,31,Black or African American,Female,High school diploma,181,36
SS1603399414985,all_simple,3,images/simple/8.png,deviant,simple,352.8849999886006,no,NA,31,Black or African American,Female,High school diploma,182,37
SS1603399414985,all_simple,3,images/simple/7.png,target,simple,933.475000000908,yes,189.32000000495464,31,Black or African American,Female,High school diploma,183,38
SS1603399414985,all_simple,3,images/simple/2.png,background,simple,307.32500000449363,no,NA,31,Black or African American,Female,High school diploma,184,39
SS1603399414985,all_simple,3,images/simple/2.png,background,simple,299.01999999419786,no,NA,31,Black or African American,Female,High school diploma,185,40
SS1603399414985,all_simple,3,images/simple/2.png,background,simple,384.93499999749474,no,NA,31,Black or African American,Female,High school diploma,186,41
SS1603399414985,all_simple,3,images/simple/2.png,background,simple,305.0000000104774,no,NA,31,Black or African American,Female,High school diploma,187,42
SS1603399414985,all_simple,3,images/simple/2.png,background,simple,299.35000000405125,no,NA,31,Black or African American,Female,High school diploma,188,43
SS1603399414985,all_simple,3,images/simple/1.png,deviant,simple,452.3550000041723,no,NA,31,Black or African American,Female,High school diploma,189,44
SS1603399414985,all_simple,3,images/simple/7.png,target,simple,744.3450000020675,yes,229.8750000045402,31,Black or African American,Female,High school diploma,190,45
SS1603399414985,all_simple,3,images/simple/2.png,background,simple,370.75999999360647,no,NA,31,Black or African American,Female,High school diploma,191,46
SS1603399414985,all_simple,3,images/simple/2.png,background,simple,340.4449999972712,no,NA,31,Black or African American,Female,High school diploma,192,47
SS1603399414985,all_simple,3,images/simple/2.png,background,simple,1590.8300000039162,no,NA,31,Black or African American,Female,High school diploma,193,48
SS1603399414985,all_simple,3,images/simple/2.png,background,simple,2486.2000000022817,no,NA,31,Black or African American,Female,High school diploma,194,49
SS1603399437186,mixed_simple_deviant,0,images/simple/14.png,deviant,simple,3012.149999954272,yes,1586.8399999453686,70,White,Female,Associate Degree/Technical certification,1,1
SS1603399437186,mixed_simple_deviant,0,images/complex/11.png,background,complex,2032.8549999860115,no,NA,70,White,Female,Associate Degree/Technical certification,2,2
SS1603399437186,mixed_simple_deviant,0,images/complex/11.png,background,complex,3167.1000000089407,no,NA,70,White,Female,Associate Degree/Technical certification,3,3
SS1603399437186,mixed_simple_deviant,0,images/complex/11.png,background,complex,1397.3400000133552,no,NA,70,White,Female,Associate Degree/Technical certification,4,4
SS1603399437186,mixed_simple_deviant,0,images/complex/11.png,background,complex,2782.345000002533,yes,1444.5200000191107,70,White,Female,Associate Degree/Technical certification,5,5
SS1603399437186,mixed_simple_deviant,0,images/simple/6.png,deviant,simple,2264.5000000367872,no,NA,70,White,Female,Associate Degree/Technical certification,6,6
SS1603399437186,mixed_simple_deviant,0,images/complex/11.png,background,complex,2120.3799999668263,yes,690.6549999839626,70,White,Female,Associate Degree/Technical certification,7,7
SS1603399437186,mixed_simple_deviant,0,images/complex/11.png,background,complex,2036.3699999754317,yes,549.8549999902025,70,White,Female,Associate Degree/Technical certification,8,8
SS1603399437186,mixed_simple_deviant,0,images/complex/11.png,background,complex,1662.1700000134297,yes,660.6850000098348,70,White,Female,Associate Degree/Technical certification,9,9
SS1603399437186,mixed_simple_deviant,0,images/simple/18.png,deviant,simple,1676.5100000076927,no,NA,70,White,Female,Associate Degree/Technical certification,10,10
SS1603399437186,mixed_simple_deviant,0,images/complex/13.png,target,complex,1565.7600000151433,no,NA,70,White,Female,Associate Degree/Technical certification,11,11
SS1603399437186,mixed_simple_deviant,0,images/complex/11.png,background,complex,1580.059999995865,yes,660.1950000040233,70,White,Female,Associate Degree/Technical certification,12,12
SS1603399437186,mixed_simple_deviant,0,images/complex/11.png,background,complex,1523.320000024978,yes,581.1900000553578,70,White,Female,Associate Degree/Technical certification,13,13
SS1603399437186,mixed_simple_deviant,0,images/complex/11.png,background,complex,1087.5549999647774,yes,361.99999996460974,70,White,Female,Associate Degree/Technical certification,14,14
SS1603399437186,mixed_simple_deviant,0,images/complex/11.png,background,complex,1530.4850000422448,yes,612.4800000106916,70,White,Female,Associate Degree/Technical certification,15,15
SS1603399437186,mixed_simple_deviant,0,images/complex/11.png,background,complex,1671.1649999953806,yes,744.2550000268966,70,White,Female,Associate Degree/Technical certification,16,16
SS1603399437186,mixed_simple_deviant,0,images/complex/11.png,background,complex,1207.3049999773502,yes,451.0899999877438,70,White,Female,Associate Degree/Technical certification,17,17
SS1603399437186,mixed_simple_deviant,0,images/simple/5.png,deviant,simple,1753.8850000011735,no,NA,70,White,Female,Associate Degree/Technical certification,18,18
SS1603399437186,mixed_simple_deviant,0,images/complex/11.png,background,complex,1406.9050000282004,yes,1049.4349999935366,70,White,Female,Associate Degree/Technical certification,19,19
SS1603399437186,mixed_simple_deviant,0,images/complex/13.png,target,complex,1732.0499999797903,no,NA,70,White,Female,Associate Degree/Technical certification,20,20
SS1603399437186,mixed_simple_deviant,0,images/simple/3.png,deviant,simple,2155.4449999704957,no,NA,70,White,Female,Associate Degree/Technical certification,21,21
SS1603399437186,mixed_simple_deviant,0,images/complex/13.png,target,complex,1421.5049999649636,no,NA,70,White,Female,Associate Degree/Technical certification,22,22
SS1603399437186,mixed_simple_deviant,0,images/complex/13.png,target,complex,1116.4299999829382,no,NA,70,White,Female,Associate Degree/Technical certification,23,23
SS1603399437186,mixed_simple_deviant,0,images/complex/11.png,background,complex,1381.5000000060536,yes,613.515000033658,70,White,Female,Associate Degree/Technical certification,24,24
SS1603399437186,mixed_simple_deviant,0,images/complex/11.png,background,complex,1257.0549999829382,yes,473.71500002918765,70,White,Female,Associate Degree/Technical certification,25,25
SS1603399437186,mixed_simple_deviant,0,images/complex/11.png,background,complex,1161.5150000317954,yes,497.1500000101514,70,White,Female,Associate Degree/Technical certification,26,26
SS1603399437186,mixed_simple_deviant,0,images/complex/11.png,background,complex,1470.7999999984168,yes,629.659999976866,70,White,Female,Associate Degree/Technical certification,27,27
SS1603399437186,mixed_simple_deviant,0,images/complex/11.png,background,complex,1101.899999997113,yes,387.33500003581867,70,White,Female,Associate Degree/Technical certification,28,28
SS1603399437186,mixed_simple_deviant,0,images/complex/13.png,target,complex,1209.7400000086054,no,NA,70,White,Female,Associate Degree/Technical certification,29,29
SS1603399437186,mixed_simple_deviant,0,images/complex/11.png,background,complex,1226.4050000114366,yes,559.3000000226311,70,White,Female,Associate Degree/Technical certification,30,30
SS1603399437186,mixed_simple_deviant,0,images/complex/11.png,background,complex,1391.9200000120327,yes,741.4349999744445,70,White,Female,Associate Degree/Technical certification,31,31
SS1603399437186,mixed_simple_deviant,0,images/complex/11.png,background,complex,1033.8250000379048,yes,340.7000000006519,70,White,Female,Associate Degree/Technical certification,32,32
SS1603399437186,mixed_simple_deviant,0,images/complex/11.png,background,complex,1179.3899999931455,yes,445.71499997982755,70,White,Female,Associate Degree/Technical certification,33,33
SS1603399437186,mixed_simple_deviant,0,images/complex/11.png,background,complex,1205.1749999984168,yes,481.6199999768287,70,White,Female,Associate Degree/Technical certification,34,34
SS1603399437186,mixed_simple_deviant,0,images/complex/11.png,background,complex,1352.1400000201538,yes,456.31999999750406,70,White,Female,Associate Degree/Technical certification,35,35
SS1603399437186,mixed_simple_deviant,0,images/complex/11.png,background,complex,1010.094999964349,yes,376.2049999786541,70,White,Female,Associate Degree/Technical certification,36,36
SS1603399437186,mixed_simple_deviant,0,images/simple/9.png,deviant,simple,1428.015000000596,no,NA,70,White,Female,Associate Degree/Technical certification,37,37
SS1603399437186,mixed_simple_deviant,0,images/complex/11.png,background,complex,1145.8100000047125,yes,481.9499999866821,70,White,Female,Associate Degree/Technical certification,38,38
SS1603399437186,mixed_simple_deviant,0,images/complex/11.png,background,complex,1316.1899999715388,yes,418.5200000065379,70,White,Female,Associate Degree/Technical certification,39,39
SS1603399437186,mixed_simple_deviant,0,images/complex/11.png,background,complex,1039.655000017956,yes,473.74499996658415,70,White,Female,Associate Degree/Technical certification,40,40
SS1603399437186,mixed_simple_deviant,0,images/simple/1.png,deviant,simple,1955.1300000050105,no,NA,70,White,Female,Associate Degree/Technical certification,41,41
SS1603399437186,mixed_simple_deviant,0,images/complex/11.png,background,complex,987.8250000067055,yes,322.0599999767728,70,White,Female,Associate Degree/Technical certification,42,42
SS1603399437186,mixed_simple_deviant,0,images/complex/13.png,target,complex,1726.929999992717,no,NA,70,White,Female,Associate Degree/Technical certification,43,43
SS1603399437186,mixed_simple_deviant,0,images/complex/13.png,target,complex,1320.1400000136346,no,NA,70,White,Female,Associate Degree/Technical certification,44,44
SS1603399437186,mixed_simple_deviant,0,images/complex/11.png,background,complex,1661.7149999830872,yes,465.42999998200685,70,White,Female,Associate Degree/Technical certification,45,45
SS1603399437186,mixed_simple_deviant,0,images/complex/11.png,background,complex,1141.8599999626167,yes,436.68499996419996,70,White,Female,Associate Degree/Technical certification,46,46
SS1603399437186,mixed_simple_deviant,0,images/complex/11.png,background,complex,959.589999972377,yes,286.3800000050105,70,White,Female,Associate Degree/Technical certification,47,47
SS1603399437186,mixed_simple_deviant,0,images/complex/11.png,background,complex,1001.4349999721162,yes,318.86499997926876,70,White,Female,Associate Degree/Technical certification,48,48
SS1603399437186,mixed_simple_deviant,0,images/complex/11.png,background,complex,1289.8549999692477,yes,624.6749999700114,70,White,Female,Associate Degree/Technical certification,49,49
SS1603399437186,all_simple,1,images/simple/12.png,background,simple,2925.174999970477,no,NA,70,White,Female,Associate Degree/Technical certification,50,1
SS1603399437186,all_simple,1,images/simple/12.png,background,simple,1145.3400000347756,no,NA,70,White,Female,Associate Degree/Technical certification,51,2
SS1603399437186,all_simple,1,images/simple/12.png,background,simple,929.1350000305101,no,NA,70,White,Female,Associate Degree/Technical certification,52,3
SS1603399437186,all_simple,1,images/simple/12.png,background,simple,987.7849999931641,no,NA,70,White,Female,Associate Degree/Technical certification,53,4
SS1603399437186,all_simple,1,images/simple/12.png,background,simple,576.4700000174344,no,NA,70,White,Female,Associate Degree/Technical certification,54,5
SS1603399437186,all_simple,1,images/simple/12.png,background,simple,567.8199999849312,no,NA,70,White,Female,Associate Degree/Technical certification,55,6
SS1603399437186,all_simple,1,images/simple/10.png,deviant,simple,1299.7050000005402,no,NA,70,White,Female,Associate Degree/Technical certification,56,7
SS1603399437186,all_simple,1,images/simple/12.png,background,simple,899.8749999911524,no,NA,70,White,Female,Associate Degree/Technical certification,57,8
SS1603399437186,all_simple,1,images/simple/12.png,background,simple,577.2849999950267,no,NA,70,White,Female,Associate Degree/Technical certification,58,9
SS1603399437186,all_simple,1,images/simple/12.png,background,simple,567.8550000186078,no,NA,70,White,Female,Associate Degree/Technical certification,59,10
SS1603399437186,all_simple,1,images/simple/2.png,deviant,simple,1273.4400000073947,no,NA,70,White,Female,Associate Degree/Technical certification,60,11
SS1603399437186,all_simple,1,images/simple/12.png,background,simple,826.6649999888614,no,NA,70,White,Female,Associate Degree/Technical certification,61,12
SS1603399437186,all_simple,1,images/simple/7.png,deviant,simple,982.839999999851,no,NA,70,White,Female,Associate Degree/Technical certification,62,13
SS1603399437186,all_simple,1,images/simple/12.png,background,simple,729.4200000353158,no,NA,70,White,Female,Associate Degree/Technical certification,63,14
SS1603399437186,all_simple,1,images/simple/12.png,background,simple,671.9749999931082,no,NA,70,White,Female,Associate Degree/Technical certification,64,15
SS1603399437186,all_simple,1,images/simple/12.png,background,simple,642.4650000291876,no,NA,70,White,Female,Associate Degree/Technical certification,65,16
SS1603399437186,all_simple,1,images/simple/12.png,background,simple,510.87500002468005,no,NA,70,White,Female,Associate Degree/Technical certification,66,17
SS1603399437186,all_simple,1,images/simple/11.png,deviant,simple,920.2099999994971,no,NA,70,White,Female,Associate Degree/Technical certification,67,18
SS1603399437186,all_simple,1,images/simple/12.png,background,simple,697.0900000189431,no,NA,70,White,Female,Associate Degree/Technical certification,68,19
SS1603399437186,all_simple,1,images/simple/12.png,background,simple,603.6600000108592,no,NA,70,White,Female,Associate Degree/Technical certification,69,20
SS1603399437186,all_simple,1,images/simple/12.png,background,simple,564.7900000214577,no,NA,70,White,Female,Associate Degree/Technical certification,70,21
SS1603399437186,all_simple,1,images/simple/12.png,background,simple,521.7750000185333,no,NA,70,White,Female,Associate Degree/Technical certification,71,22
SS1603399437186,all_simple,1,images/simple/4.png,target,simple,2623.190000001341,yes,1292.749999964144,70,White,Female,Associate Degree/Technical certification,72,23
SS1603399437186,all_simple,1,images/simple/12.png,background,simple,1146.105000039097,no,NA,70,White,Female,Associate Degree/Technical certification,73,24
SS1603399437186,all_simple,1,images/simple/4.png,target,simple,1717.7849999745376,yes,801.6299999435432,70,White,Female,Associate Degree/Technical certification,74,25
SS1603399437186,all_simple,1,images/simple/8.png,deviant,simple,1002.384999988135,no,NA,70,White,Female,Associate Degree/Technical certification,75,26
SS1603399437186,all_simple,1,images/simple/4.png,target,simple,1338.730000006035,yes,417.3050000099465,70,White,Female,Associate Degree/Technical certification,76,27
SS1603399437186,all_simple,1,images/simple/12.png,background,simple,855.0150000257418,no,NA,70,White,Female,Associate Degree/Technical certification,77,28
SS1603399437186,all_simple,1,images/simple/12.png,background,simple,593.7349999905564,no,NA,70,White,Female,Associate Degree/Technical certification,78,29
SS1603399437186,all_simple,1,images/simple/12.png,background,simple,621.4550000033341,no,NA,70,White,Female,Associate Degree/Technical certification,79,30
SS1603399437186,all_simple,1,images/simple/16.png,deviant,simple,1154.8500000382774,no,NA,70,White,Female,Associate Degree/Technical certification,80,31
SS1603399437186,all_simple,1,images/simple/12.png,background,simple,752.434999961406,no,NA,70,White,Female,Associate Degree/Technical certification,81,32
SS1603399437186,all_simple,1,images/simple/12.png,background,simple,594.8600000003353,no,NA,70,White,Female,Associate Degree/Technical certification,82,33
SS1603399437186,all_simple,1,images/simple/4.png,target,simple,1429.3100000242703,yes,462.6900000148453,70,White,Female,Associate Degree/Technical certification,83,34
SS1603399437186,all_simple,1,images/simple/12.png,background,simple,1894.9599999934435,no,NA,70,White,Female,Associate Degree/Technical certification,84,35
SS1603399437186,all_simple,1,images/simple/12.png,background,simple,470.7700000028126,no,NA,70,White,Female,Associate Degree/Technical certification,85,36
SS1603399437186,all_simple,1,images/simple/4.png,target,simple,1402.2449999931268,yes,515.8149999915622,70,White,Female,Associate Degree/Technical certification,86,37
SS1603399437186,all_simple,1,images/simple/12.png,background,simple,2151.554999977816,no,NA,70,White,Female,Associate Degree/Technical certification,87,38
SS1603399437186,all_simple,1,images/simple/12.png,background,simple,488.6599999619648,no,NA,70,White,Female,Associate Degree/Technical certification,88,39
SS1603399437186,all_simple,1,images/simple/4.png,target,simple,2082.3999999440275,yes,423.7499999580905,70,White,Female,Associate Degree/Technical certification,89,40
SS1603399437186,all_simple,1,images/simple/12.png,background,simple,1114.3500000354834,no,NA,70,White,Female,Associate Degree/Technical certification,90,41
SS1603399437186,all_simple,1,images/simple/4.png,target,simple,1994.7849999764003,yes,796.3400000007823,70,White,Female,Associate Degree/Technical certification,91,42
SS1603399437186,all_simple,1,images/simple/13.png,deviant,simple,1337.064999958966,no,NA,70,White,Female,Associate Degree/Technical certification,92,43
SS1603399437186,all_simple,1,images/simple/12.png,background,simple,957.0600000326522,no,NA,70,White,Female,Associate Degree/Technical certification,93,44
SS1603399437186,all_simple,1,images/simple/12.png,background,simple,629.3150000157766,no,NA,70,White,Female,Associate Degree/Technical certification,94,45
SS1603399437186,all_simple,1,images/simple/12.png,background,simple,484.3849999480881,no,NA,70,White,Female,Associate Degree/Technical certification,95,46
SS1603399437186,all_simple,1,images/simple/12.png,background,simple,594.9349999893457,no,NA,70,White,Female,Associate Degree/Technical certification,96,47
SS1603399437186,all_simple,1,images/simple/12.png,background,simple,720.2350000035949,no,NA,70,White,Female,Associate Degree/Technical certification,97,48
SS1603399437186,all_simple,1,images/simple/12.png,background,simple,653.3900000387803,no,NA,70,White,Female,Associate Degree/Technical certification,98,49
SS1603399437186,all_complex,2,images/complex/16.png,background,complex,1179.7899999539368,no,NA,70,White,Female,Associate Degree/Technical certification,99,1
SS1603399437186,all_complex,2,images/complex/16.png,background,complex,961.9100000010803,no,NA,70,White,Female,Associate Degree/Technical certification,100,2
SS1603399437186,all_complex,2,images/complex/16.png,background,complex,536.1349999904633,no,NA,70,White,Female,Associate Degree/Technical certification,101,3
SS1603399437186,all_complex,2,images/complex/1.png,deviant,complex,834.6250000060536,no,NA,70,White,Female,Associate Degree/Technical certification,102,4
SS1603399437186,all_complex,2,images/complex/16.png,background,complex,849.3699999991804,no,NA,70,White,Female,Associate Degree/Technical certification,103,5
SS1603399437186,all_complex,2,images/complex/16.png,background,complex,636.130000045523,no,NA,70,White,Female,Associate Degree/Technical certification,104,6
SS1603399437186,all_complex,2,images/complex/2.png,target,complex,1733.2049999851733,yes,818.6650000279769,70,White,Female,Associate Degree/Technical certification,105,7
SS1603399437186,all_complex,2,images/complex/2.png,target,complex,1360.4499999666587,yes,486.8199999909848,70,White,Female,Associate Degree/Technical certification,106,8
SS1603399437186,all_complex,2,images/complex/16.png,background,complex,1001.4949999633245,no,NA,70,White,Female,Associate Degree/Technical certification,107,9
SS1603399437186,all_complex,2,images/complex/16.png,background,complex,801.4500000164844,no,NA,70,White,Female,Associate Degree/Technical certification,108,10
SS1603399437186,all_complex,2,images/complex/16.png,background,complex,552.3399999830872,no,NA,70,White,Female,Associate Degree/Technical certification,109,11
SS1603399437186,all_complex,2,images/complex/16.png,background,complex,628.3750000176951,no,NA,70,White,Female,Associate Degree/Technical certification,110,12
SS1603399437186,all_complex,2,images/complex/16.png,background,complex,541.8899999815039,no,NA,70,White,Female,Associate Degree/Technical certification,111,13
SS1603399437186,all_complex,2,images/complex/16.png,background,complex,637.9900000058115,no,NA,70,White,Female,Associate Degree/Technical certification,112,14
SS1603399437186,all_complex,2,images/complex/16.png,background,complex,607.9950000159442,no,NA,70,White,Female,Associate Degree/Technical certification,113,15
SS1603399437186,all_complex,2,images/complex/18.png,deviant,complex,1149.2800000007264,no,NA,70,White,Female,Associate Degree/Technical certification,114,16
SS1603399437186,all_complex,2,images/complex/16.png,background,complex,756.4250000170432,no,NA,70,White,Female,Associate Degree/Technical certification,115,17
SS1603399437186,all_complex,2,images/complex/16.png,background,complex,585.7699999934994,no,NA,70,White,Female,Associate Degree/Technical certification,116,18
SS1603399437186,all_complex,2,images/complex/16.png,background,complex,666.6999999899417,no,NA,70,White,Female,Associate Degree/Technical certification,117,19
SS1603399437186,all_complex,2,images/complex/15.png,deviant,complex,1269.1200000001118,no,NA,70,White,Female,Associate Degree/Technical certification,118,20
SS1603399437186,all_complex,2,images/complex/16.png,background,complex,879.7399999923073,no,NA,70,White,Female,Associate Degree/Technical certification,119,21
SS1603399437186,all_complex,2,images/complex/16.png,background,complex,580.3499999921769,no,NA,70,White,Female,Associate Degree/Technical certification,120,22
SS1603399437186,all_complex,2,images/complex/16.png,background,complex,631.8899999489076,no,NA,70,White,Female,Associate Degree/Technical certification,121,23
SS1603399437186,all_complex,2,images/complex/16.png,background,complex,685.3550000116229,no,NA,70,White,Female,Associate Degree/Technical certification,122,24
SS1603399437186,all_complex,2,images/complex/2.png,target,complex,1718.8349999953061,yes,753.3200000179932,70,White,Female,Associate Degree/Technical certification,123,25
SS1603399437186,all_complex,2,images/complex/16.png,background,complex,891.5499999886379,no,NA,70,White,Female,Associate Degree/Technical certification,124,26
SS1603399437186,all_complex,2,images/complex/2.png,target,complex,1506.6000000108033,yes,633.9300000108778,70,White,Female,Associate Degree/Technical certification,125,27
SS1603399437186,all_complex,2,images/complex/14.png,deviant,complex,1292.884999990929,no,NA,70,White,Female,Associate Degree/Technical certification,126,28
SS1603399437186,all_complex,2,images/complex/16.png,background,complex,975.2200000104494,no,NA,70,White,Female,Associate Degree/Technical certification,127,29
SS1603399437186,all_complex,2,images/complex/16.png,background,complex,609.0600000345148,no,NA,70,White,Female,Associate Degree/Technical certification,128,30
SS1603399437186,all_complex,2,images/complex/10.png,deviant,complex,1128.8999999989755,no,NA,70,White,Female,Associate Degree/Technical certification,129,31
SS1603399437186,all_complex,2,images/complex/2.png,target,complex,1498.9350000279956,yes,476.5150000457652,70,White,Female,Associate Degree/Technical certification,130,32
SS1603399437186,all_complex,2,images/complex/2.png,target,complex,1579.8599999863654,yes,661.2650000024587,70,White,Female,Associate Degree/Technical certification,131,33
SS1603399437186,all_complex,2,images/complex/16.png,background,complex,952.5350000360049,no,NA,70,White,Female,Associate Degree/Technical certification,132,34
SS1603399437186,all_complex,2,images/complex/16.png,background,complex,770.3350000549108,no,NA,70,White,Female,Associate Degree/Technical certification,133,35
SS1603399437186,all_complex,2,images/complex/5.png,deviant,complex,1014.905000035651,no,NA,70,White,Female,Associate Degree/Technical certification,134,36
SS1603399437186,all_complex,2,images/complex/16.png,background,complex,685.675000003539,no,NA,70,White,Female,Associate Degree/Technical certification,135,37
SS1603399437186,all_complex,2,images/complex/16.png,background,complex,703.7850000080653,no,NA,70,White,Female,Associate Degree/Technical certification,136,38
SS1603399437186,all_complex,2,images/complex/16.png,background,complex,680.5199999827892,no,NA,70,White,Female,Associate Degree/Technical certification,137,39
SS1603399437186,all_complex,2,images/complex/16.png,background,complex,611.8249999592081,no,NA,70,White,Female,Associate Degree/Technical certification,138,40
SS1603399437186,all_complex,2,images/complex/16.png,background,complex,764.9350000312552,no,NA,70,White,Female,Associate Degree/Technical certification,139,41
SS1603399437186,all_complex,2,images/complex/3.png,deviant,complex,1108.7450000224635,no,NA,70,White,Female,Associate Degree/Technical certification,140,42
SS1603399437186,all_complex,2,images/complex/2.png,target,complex,1481.8049999768846,yes,605.2049999707378,70,White,Female,Associate Degree/Technical certification,141,43
SS1603399437186,all_complex,2,images/complex/16.png,background,complex,786.4549999823794,no,NA,70,White,Female,Associate Degree/Technical certification,142,44
SS1603399437186,all_complex,2,images/complex/16.png,background,complex,529.9799999804236,no,NA,70,White,Female,Associate Degree/Technical certification,143,45
SS1603399437186,all_complex,2,images/complex/16.png,background,complex,626.2350000208244,no,NA,70,White,Female,Associate Degree/Technical certification,144,46
SS1603399437186,all_complex,2,images/complex/16.png,background,complex,767.159999976866,no,NA,70,White,Female,Associate Degree/Technical certification,145,47
SS1603399437186,all_complex,2,images/complex/16.png,background,complex,540.41000000434,no,NA,70,White,Female,Associate Degree/Technical certification,146,48
SS1603399437186,all_complex,2,images/complex/16.png,background,complex,609.2100000125356,no,NA,70,White,Female,Associate Degree/Technical certification,147,49
SS1603399437186,mixed_complex_deviant,3,images/complex/7.png,deviant,complex,1470.7099999533966,no,NA,70,White,Female,Associate Degree/Technical certification,148,1
SS1603399437186,mixed_complex_deviant,3,images/simple/15.png,background,simple,1020.1799999806099,no,NA,70,White,Female,Associate Degree/Technical certification,149,2
SS1603399437186,mixed_complex_deviant,3,images/simple/15.png,background,simple,869.5900000049733,no,NA,70,White,Female,Associate Degree/Technical certification,150,3
SS1603399437186,mixed_complex_deviant,3,images/complex/12.png,deviant,complex,814.1150000039488,no,NA,70,White,Female,Associate Degree/Technical certification,151,4
SS1603399437186,mixed_complex_deviant,3,images/simple/15.png,background,simple,660.3200000128709,no,NA,70,White,Female,Associate Degree/Technical certification,152,5
SS1603399437186,mixed_complex_deviant,3,images/simple/17.png,target,simple,1507.5400000088848,yes,490.12000003131106,70,White,Female,Associate Degree/Technical certification,153,6
SS1603399437186,mixed_complex_deviant,3,images/simple/15.png,background,simple,862.4600000213832,no,NA,70,White,Female,Associate Degree/Technical certification,154,7
SS1603399437186,mixed_complex_deviant,3,images/simple/17.png,target,simple,1409.2200000188313,yes,539.7200000006706,70,White,Female,Associate Degree/Technical certification,155,8
SS1603399437186,mixed_complex_deviant,3,images/simple/15.png,background,simple,1353.9650000049733,no,NA,70,White,Female,Associate Degree/Technical certification,156,9
SS1603399437186,mixed_complex_deviant,3,images/simple/15.png,background,simple,751.7399999662302,no,NA,70,White,Female,Associate Degree/Technical certification,157,10
SS1603399437186,mixed_complex_deviant,3,images/simple/15.png,background,simple,602.9899999732152,no,NA,70,White,Female,Associate Degree/Technical certification,158,11
SS1603399437186,mixed_complex_deviant,3,images/simple/15.png,background,simple,687.2600000235252,no,NA,70,White,Female,Associate Degree/Technical certification,159,12
SS1603399437186,mixed_complex_deviant,3,images/simple/15.png,background,simple,628.6050000227988,no,NA,70,White,Female,Associate Degree/Technical certification,160,13
SS1603399437186,mixed_complex_deviant,3,images/simple/15.png,background,simple,615.8850000239909,no,NA,70,White,Female,Associate Degree/Technical certification,161,14
SS1603399437186,mixed_complex_deviant,3,images/simple/15.png,background,simple,644.0099999774247,no,NA,70,White,Female,Associate Degree/Technical certification,162,15
SS1603399437186,mixed_complex_deviant,3,images/simple/15.png,background,simple,583.9049999951385,no,NA,70,White,Female,Associate Degree/Technical certification,163,16
SS1603399437186,mixed_complex_deviant,3,images/complex/6.png,deviant,complex,880.9050000156276,no,NA,70,White,Female,Associate Degree/Technical certification,164,17
SS1603399437186,mixed_complex_deviant,3,images/simple/15.png,background,simple,718.1549999979325,no,NA,70,White,Female,Associate Degree/Technical certification,165,18
SS1603399437186,mixed_complex_deviant,3,images/simple/15.png,background,simple,600.7449999917299,no,NA,70,White,Female,Associate Degree/Technical certification,166,19
SS1603399437186,mixed_complex_deviant,3,images/simple/15.png,background,simple,563.2150000194088,no,NA,70,White,Female,Associate Degree/Technical certification,167,20
SS1603399437186,mixed_complex_deviant,3,images/simple/15.png,background,simple,632.5550000066869,no,NA,70,White,Female,Associate Degree/Technical certification,168,21
SS1603399437186,mixed_complex_deviant,3,images/simple/15.png,background,simple,545.789999992121,no,NA,70,White,Female,Associate Degree/Technical certification,169,22
SS1603399437186,mixed_complex_deviant,3,images/simple/15.png,background,simple,532.8350000083447,no,NA,70,White,Female,Associate Degree/Technical certification,170,23
SS1603399437186,mixed_complex_deviant,3,images/simple/15.png,background,simple,605.1599999656901,no,NA,70,White,Female,Associate Degree/Technical certification,171,24
SS1603399437186,mixed_complex_deviant,3,images/simple/15.png,background,simple,648.3199999667704,no,NA,70,White,Female,Associate Degree/Technical certification,172,25
SS1603399437186,mixed_complex_deviant,3,images/complex/8.png,deviant,complex,1147.760000010021,no,NA,70,White,Female,Associate Degree/Technical certification,173,26
SS1603399437186,mixed_complex_deviant,3,images/simple/17.png,target,simple,1618.6299999710172,yes,565.245000005234,70,White,Female,Associate Degree/Technical certification,174,27
SS1603399437186,mixed_complex_deviant,3,images/simple/17.png,target,simple,1850.3800000064075,yes,571.265000035055,70,White,Female,Associate Degree/Technical certification,175,28
SS1603399437186,mixed_complex_deviant,3,images/simple/15.png,background,simple,734.4150000018999,no,NA,70,White,Female,Associate Degree/Technical certification,176,29
SS1603399437186,mixed_complex_deviant,3,images/simple/15.png,background,simple,555.6649999809451,no,NA,70,White,Female,Associate Degree/Technical certification,177,30
SS1603399437186,mixed_complex_deviant,3,images/simple/15.png,background,simple,474.5199999772012,no,NA,70,White,Female,Associate Degree/Technical certification,178,31
SS1603399437186,mixed_complex_deviant,3,images/simple/15.png,background,simple,619.9700000463054,no,NA,70,White,Female,Associate Degree/Technical certification,179,32
SS1603399437186,mixed_complex_deviant,3,images/simple/15.png,background,simple,676.375000027474,no,NA,70,White,Female,Associate Degree/Technical certification,180,33
SS1603399437186,mixed_complex_deviant,3,images/complex/17.png,deviant,complex,1128.394999995362,no,NA,70,White,Female,Associate Degree/Technical certification,181,34
SS1603399437186,mixed_complex_deviant,3,images/simple/15.png,background,simple,676.6999999992549,no,NA,70,White,Female,Associate Degree/Technical certification,182,35
SS1603399437186,mixed_complex_deviant,3,images/simple/15.png,background,simple,645.0300000025891,no,NA,70,White,Female,Associate Degree/Technical certification,183,36
SS1603399437186,mixed_complex_deviant,3,images/complex/9.png,deviant,complex,979.599999950733,no,NA,70,White,Female,Associate Degree/Technical certification,184,37
SS1603399437186,mixed_complex_deviant,3,images/simple/15.png,background,simple,554.4150000088848,no,NA,70,White,Female,Associate Degree/Technical certification,185,38
SS1603399437186,mixed_complex_deviant,3,images/simple/15.png,background,simple,561.6800000309013,no,NA,70,White,Female,Associate Degree/Technical certification,186,39
SS1603399437186,mixed_complex_deviant,3,images/simple/15.png,background,simple,478.6850000265986,no,NA,70,White,Female,Associate Degree/Technical certification,187,40
SS1603399437186,mixed_complex_deviant,3,images/simple/17.png,target,simple,1696.320000034757,yes,569.4750000257045,70,White,Female,Associate Degree/Technical certification,188,41
SS1603399437186,mixed_complex_deviant,3,images/complex/4.png,deviant,complex,1092.7999999723397,no,NA,70,White,Female,Associate Degree/Technical certification,189,42
SS1603399437186,mixed_complex_deviant,3,images/simple/15.png,background,simple,616.3199999602512,no,NA,70,White,Female,Associate Degree/Technical certification,190,43
SS1603399437186,mixed_complex_deviant,3,images/simple/15.png,background,simple,503.7649999605492,no,NA,70,White,Female,Associate Degree/Technical certification,191,44
SS1603399437186,mixed_complex_deviant,3,images/simple/15.png,background,simple,482.98499999800697,no,NA,70,White,Female,Associate Degree/Technical certification,192,45
SS1603399437186,mixed_complex_deviant,3,images/simple/15.png,background,simple,514.8700000019744,no,NA,70,White,Female,Associate Degree/Technical certification,193,46
SS1603399437186,mixed_complex_deviant,3,images/simple/15.png,background,simple,475.81000002101064,no,NA,70,White,Female,Associate Degree/Technical certification,194,47
SS1603399437186,mixed_complex_deviant,3,images/simple/17.png,target,simple,1514.3649999983609,yes,521.9950000173412,70,White,Female,Associate Degree/Technical certification,195,48
SS1603399437186,mixed_complex_deviant,3,images/simple/17.png,target,simple,1351.9749999861233,yes,456.45999995758757,70,White,Female,Associate Degree/Technical certification,196,49
